"고정형CCTV지번주소","위도","경도","자치구","단속지점명","현장구분"
"명동2가 1-19","37.564298","126.987586","중구","명동성당교차로","불법주정차구역"
"충무로4가 125번지","37.56160705039683","126.99619706209881","중구","대한극장","불법주정차구역"
"무교동 33-3번지","37.56761269335115","126.97932269497797","중구","무교동 어린이재단빌딩","불법주정차구역"
"산림동 193-1번지앞","37.568414058719895","126.99567885819044","중구","청계천변 세운상가","불법주정차구역"
"회현동1가 206","37.55897","126.981218","중구","SK리더스뷰 주차장입구","불법주정차구역"
"남대문로4가 20-19","37.5603242","126.976173","중구","남대문 흥국생명빌딩","불법주정차구역"
"남대문로5가 537","37.556486633440336","126.9742187510146","중구","남대문 메트로타워","불법주정차구역"
"다동103","37.5673395","126.9825353","중구","DB저축은행본점","불법주정차구역"
"쌍림동 148-2","37.56337075199248","127.0037775608493","중구","쌍림빌딩","불법주정차구역"
"예장동8-147 ","37.55846872864774","126.98750515671885","중구","리라초등학교 정문 인근","불법주정차구역"
"회현동1가 산 1-2","37.5553463","126.9838025","중구","소파로 남산케이블카","불법주정차구역"
"회현동1가147-32 ","37.5546367","126.9823152","중구","소파로 남산파출소 공영주차장","불법주정차구역"
"남창동 205-168","37.5562147","126.9779544","중구","소파로 도동삼거리","불법주정차구역"
"남대문로5가541 ","37.55581742502388","126.97324002719616","중구","서울역9번출구 서울스퀘어빌딩","불법주정차구역"
"봉래1가 126-2","37.5583106","126.971875","중구","서울역 우체국 맞은편 SK주유소","불법주정차구역"
"중구 신당동 52-52","37.5635129","127.0182958","중구","다산어린이공원 앞","불법주정차구역"
"충무로2가 64-5","37.561095","126.98661","중구","국민은행 명동역지점","불법주정차구역"
"남산동3가 13-31","37.560804","126.986398","중구","명동역 다이소","불법주정차구역"
"저동2가 88-13","37.564572","126.988855","중구","백병원 건너편","불법주정차구역"
"수표동 62-4","37.5679265","126.9893872","중구","청계IT타워 앞(청계2가)","불법주정차구역"
"수표동 11-8","37.5672479","126.989521","중구","천수빌딩(수표동) 앞 구두수선","불법주정차구역"
"을지로3가 348-4","37.5658398","126.9898494","중구","포포인츠명동호텔","불법주정차구역"
"중구 저동2가 47-1","37.56401236803766","126.99022919141052","중구","노랑풍선 앞","불법주정차구역"
"순화동 1-170","37.563964","126.969557","중구","덕수궁롯데캐슬 주변","불법주정차구역"
"초동 64-11","37.564347","126.9917682","중구","초동 DB손해보험 빌딩","불법주정차구역"
"을지로3가 108","37.567403","126.992345","중구","을지로3가역4번출구","불법주정차구역"
"인현동2가 134-11","37.5641691","126.9957104","중구","PJ호텔 앞","불법주정차구역"
"을지로4가 19-4","37.566713","126.997025","중구","을지로4가(대림상가) 버스정류소 앞","불법주정차구역"
"주교동 175-1","37.5679683","126.9981304","중구","을지로4가역 4번출구","불법주정차구역"
"중림동182 ","37.558937","126.965347","중구","중림동 삼성빌리지 정문 앞","불법주정차구역"
"예관동 21-5","37.5654365","126.998379","중구","을지로4가 가구거리","불법주정차구역"
"오장동 69-50","37.564495","126.99953","중구","오장동 함흥냉면","불법주정차구역"
"오장동 148-17","37.564591","127.001136","중구","서울제일교회 맞은편","불법주정차구역"
"광희동1가 281-2","37.5647325","127.0030437","중구","현대자동차서비스센터","불법주정차구역"
"필동3가 34","37.559399","126.996099","중구","필동삼거리 녹원사 앞","불법주정차구역"
"광희동1가 216","37.56451267525085","127.00595222511829","중구","광희빌딩","불법주정차구역"
"신당동101-8 ","37.564024","127.016031","중구","이바돔감자탕 신당점 건너편","불법주정차구역"
"을지로7가 15","37.56471","127.009947","중구","동대문역사문화공원역 3번출구","불법주정차구역"
"신당동 247-16","37.5650561","127.014725","중구","충무아트홀 건너편","불법주정차구역"
"소공동 91-8","37.5652212","126.978828","중구","서울 시청광장앞","불법주정차구역"
"신당동 309-35","37.5595769","127.0132364","중구","우리은행 청구역지점","불법주정차구역"
"중림동 149-21","37.55937","126.96877","중구","약현성당 입구 교통섬","불법주정차구역"
"서소문동 47-2","37.5631324","126.9738208","중구","시청역 10번출구","불법주정차구역"
"황학동 1103","37.568195","127.0233809","중구","난계로 황학사거리","불법주정차구역"
"수표동56-17 ","37.567170259798075","126.98909262335683","중구","을지로 시그니쳐타워 삼거리","불법주정차구역"
"인현동1가 142-1","37.563084","126.993123","중구","충무로 진고개","불법주정차구역"
"오장동 69-50","37.566812","126.999","중구","을지로4가역6번출구","불법주정차구역"
"을지로5가 274-5","37.5657701","127.002162","중구","우리은행 중부지점","불법주정차구역"
"중구 방산동 130-3","37.5676213","127.0023926","중구","호텔 U5 건너편","불법주정차구역"
"중구 을지로5가 270-28","37.5666616987032","127.00073290734186","중구","중부시장1문 앞","불법주정차구역"
"남산동1가 1-2","37.5606769","126.9850075","중구","명동역 4번출구","불법주정차구역"
"을지로6가 18-131","37.56638","127.00635","중구","국립의료원 앞","불법주정차구역"
"신당동 775","37.568257","127.011217","중구","신한은행 동대문지점 앞","불법주정차구역"
"중구 신당1동 777","37.568548","127.01219","중구","광희시장 앞","불법주정차구역"
"신당동 193-29","37.568096","127.0149495","중구","기동대 1","불법주정차구역"
"신당동 204-1","37.5679158","127.0135818","중구","기동대 2","불법주정차구역"
"회현동2가 18-3","37.5591114","126.9837106","중구","남산쌍용플레티넘","불법주정차구역"
"을지로7가 57","37.565462","127.0091985","중구","광희동 핀타워 아디다스","불법주정차구역"
"중구 장교동 1-6","37.56679374427581","126.98580307870701","중구","을지한빛거리","불법주정차구역"
"중구 충무로1가 52-5","37.560639","126.980003","중구","신세계백화점 본관 신관 사이","불법주정차구역"
"황학동 2154","37.570457","127.023324","중구","황학롯데캐슬105동 주차장입구 앞","불법주정차구역"
"장충동2가 173-7","37.561695","127.001142","중구","충무초교","불법주정차구역"
"을지로2가 181-3","37.5652297","126.984482","중구","을지입구쇼핑센터 을지2번출구","불법주정차구역"
"신당동 304-411","37.560575","127.012913","중구","파리바게트 청구장충점","불법주정차구역"
"충무로3가 60-1","37.561954","126.990544","중구","남산스퀘어앞","불법주정차구역"
"명동1가 5-4","37.5638758","126.985213","중구","명동 올리브영 플래그십","불법주정차구역"
"을지로6가 18-14","37.568381","127.005448","중구","구민회관 앞","불법주정차구역"
"중림동 355","37.5610032","126.968384","중구","서소문성지 역사박물관주차장입구","불법주정차구역"
"중구 황학동 1835","37.569696","127.019645","중구","황학동 신일키친 삼거리","불법주정차구역"
"소공동 87-1","37.564062","126.98072","중구","소공동 조선호텔 앞","불법주정차구역"
"주교동 315-4","37.56791","127.000994","중구","방산시장 안","불법주정차구역"
"황학동 2545-2","37.570771","127.019012","중구","롯데캐슬 영도교앞","불법주정차구역"
"흥인동 10 ","37.56721","127.017883","중구","단우물어린이집(황학어린이공원)","불법주정차구역"
"중구 흥인동 159-4","37.5688683","127.015768","중구","디오트 앞","불법주정차구역"
"흥인동 106","37.566439","127.016026","중구","리마크빌 및 두산아파트 사이 건너편","불법주정차구역"
"흥인동 117-7","37.5661555","127.0156901","중구","충무아트홀 주차장입구","불법주정차구역"
"황학동 737","37.56602747595294","127.01735334420961","중구","리마크빌 아파트 정문","불법주정차구역"
"을지로6가 58-5","37.566495","127.004555","중구","훈련원공원 건너편","불법주정차구역"
"순화동 1-5 ","37.564093","126.968745","중구","경찰기념공원 삼거리","불법주정차구역"
"장충동2가 200-71","37.557966","127.008171","중구","성곽길 입구","불법주정차구역"
"순화동 151-7","37.5603206","126.9723291","중구","남대문 라마다호텔","불법주정차구역"
"신당동 370-52","37.557479","127.012048","중구","호박식당 건너편","불법주정차구역"
"을지로1가 178-4","37.565864","126.9809914","중구","롯데호텔앞","불법주정차구역"
"회현동2가 89-2","37.558109","126.982872","중구","회현소방서 맞은편","불법주정차구역"
"동화동 852","37.559743","127.014886","중구","청구E편한세상아파트 앞","불법주정차구역"
"을지로3가 65-22","37.566817","126.991986","중구","을지로동 주민센터 옆","불법주정차구역"
"남산동2가 2","37.560372","126.986476","중구","남산초교 정문 주변","불법주정차구역"
"을지로6가 17-2","37.569156","127.007241","중구","평화시장 동화상가","불법주정차구역"
"서소문동 120-35","37.56218","126.974769","중구","삼성본관빌딩 삼거리","불법주정차구역"
"필동2가 20-3","37.56082","126.99598","중구","호텔도마 행복주차장","불법주정차구역"
"약수동 366-74","37.552658","127.010686","중구","약수시장 태양마트 주변","불법주정차구역"
"명동 66-4","37.5667162","126.9843015","중구","삼일대로13길 하나은행 주차장","불법주정차구역"
"다산동 417-6","37.555113","127.01023","중구","약수역 하나은행 이정표","불법주정차구역"
"다산동 361-4","37.5572952","127.0092262","중구","대현빌딩 앞","불법주정차구역"
"중림동 355","37.5602681","126.968259","중구","중림동 브라운스톤(한국경제 건너편)","불법주정차구역"
"동화동 282-6","37.5617225","127.0172816","중구","동화동 새마을금고 본점","불법주정차구역"
"신당동 842","37.554708","127.01202","중구","약수하이츠아파트","불법주정차구역"
"중구 신당동 304-720","37.562231","127.014273","중구","신당동 어린이집 앞","불법주정차구역"
"회현동2가 88-3","37.558957","126.982459","중구","남산 롯데캐슬아이리스 주차장입구","불법주정차구역"
"중구 회현동1가 203","37.559844","126.982209","중구","우리은행 본점 앞","불법주정차구역"
"중구 초동 18-5","37.5647056236712","126.993214191194","중구","명보사거리","불법주정차구역"
"북창동 18-9","37.562952","126.977344","중구","북창동 음식거리","불법주정차구역"
"을지로6가 18-12","37.569226","127.008361","중구","두산타워 주차장출구","불법주정차구역"
"을지로6가 18-12","37.568557","127.00925","중구","두산타워 정문","불법주정차구역"
"예관동 70-41 ","37.563023","126.998482","중구","중구청 앞 일방통행길 사거리","불법주정차구역"
"회현동1가 190","37.559306","126.979847","중구","SK리더스뷰 아파트 앞","불법주정차구역"
"충무로5가 85-4","37.561228","126.998058","중구","동국대 후문 파리바게트","불법주정차구역"
"충무로5가 52-25","37.562285","126.999196","중구","JH제일의원","불법주정차구역"
"신당동 251-160","37.5667304","127.012596","중구","동대문패션비즈센터앞 ","불법주정차구역"
"초동 72-10","37.5646171","126.991462","중구","나인트리호텔 명동2(을지로)","불법주정차구역"
"황학동 2475","37.5656051","127.02201","중구","황학아크로타워 옆","불법주정차구역"
"신당5동 140-34","37.56507133","127.0197174","중구","삼원상가 앞","불법주정차구역"
"정동 4 ","37.56655","126.97641","중구","영국대사관 앞","불법주정차구역"
"다산동 386-86","37.55941148","127.0117673","중구","장충초등학교 정문","불법주정차구역"
"순화동 2-6","37.563194","126.971206","중구","순화어린이공원","불법주정차구역"
"황학동 1387","37.568115","127.021324","중구","세계종합주방 앞","불법주정차구역"
"황학동 1205","37.56835393","127.0196664","중구","신당지하상가 교차로 앞","불법주정차구역"
"흥인동 2-1","37.568127","127.017825","중구","한신주방설비 앞","불법주정차구역"
"남창동 186","37.55759","126.9785","중구","남대문시장 주차장 사거리","불법주정차구역"
"회현동1가 82-19","37.557594","126.98008","중구","회현동주민센터 사거리 인근","불법주정차구역"
"회현동1가 55-3","37.557825","126.981421","중구","금성오토바이 옆","불법주정차구역"
"중구 신당동 379-10","37.557947","127.011649","중구","삼성부동산 사거리(신당중앙교회 앞)","불법주정차구역"
"중구 난계로11길 ","37.56642","127.0222","중구","황학아크로타워 출구 방향","불법주정차구역"
"중구 신당동 399-33","37.56156534","127.0096779","중구","성방빌딩 앞 사거리(한솔공인중개사)","불법주정차구역"
"중구 무학동 27","37.563423","127.015144","중구","신당동 레드망고 앞","불법주정차구역"
"중구 만리동2가 6-1","37.554934","126.964722","중구","한라비발디 앞 삼거리","불법주정차구역"
"중구 신당동 333-204","37.557376019187025","127.01467047470932","중구","청구초등학교 후문 길","불법주정차구역"
"중구 삼각동 108","37.56734","126.9838","중구","페럼타워 앞","불법주정차구역"
"중구 신당동 290-87","37.56096","127.0156","중구","청구드림아파트 옆","불법주정차구역"
"중구 만리동1가 62-12","37.555812","126.967584","중구","중림어린이집 앞","불법주정차구역"
"중구 신당동 843","37.55854254509264","127.01667112525355","중구","신당 삼성(아) 상가사거리","불법주정차구역"
"중구 신당동 154-47","37.56364259","127.0218283","중구","성동고등학교 축구장 사거리(신당초 후문)","불법주정차구역"
"중구 신당동 110-1","37.564879","127.016874","중구","신당사거리 공영주차장","불법주정차구역"
"중구 신당동 69-14","37.561803","127.021070","중구","래미안하이베르아파트 상가 앞","불법주정차구역"
"중구 순화동 1-170","37.563137005593866","126.96906512775848","중구","순화동 KG 타워 앞","불법주정차구역"
"중구 남대문로5가 253","37.55785825633559","126.97356043712426","중구","그랜드센트럴 빌딩 앞","불법주정차구역"
"중구 필동2가 19-17","37.56034337525471","126.99543174141112","중구","필동주민센터앞","불법주정차구역"
"중구 신당동 290-67","37.561372008999","127.016217328678","중구","청구E편한세상 노블레스하우스 옆","불법주정차구역"
"중구 신당동 224-2","37.5649853636511","127.01069766066932","중구","한양공업고등학교 정문 앞","불법주정차구역"
"중구 신당동 432-1628","37.54908079628225","127.00679265303087","중구","버티고개역 약수카센터 오르막길","불법주정차구역"
"중구 을지로7가 4-24","37.56578503736372","127.01025067848906","중구","서울교통공사동대문별관 앞","불법주정차구역"
"중구 저동1가 48","37.56530503283361","126.98743044260787","중구","대신파이낸스센터 정문","불법주정차구역"
"중구 남산동2가 49-25","37.5567543","126.9859043","중구","소파로 돈가스거리","불법주정차구역"
"중구 초동 107-12","37.564721942097606","126.99071863418719","중구","초동 프로젝트 107 빌딩 앞","불법주정차구역"
"중구 신당동 333-111","37.557389","127.013444","중구","청구초등학교 쪽문(만다리)","불법주정차구역"
"중구 필동1가 35-1","37.5607728589646","126.993128416831","중구","충무로역4번출구(남산골한옥마을 부근)","불법주정차구역"
"중구 주자동 49-16","37.56002261222","126.990693298859","중구","삼일대로2길(남산예장버스주차장 부근)","불법주정차구역"
"중구 을지로7가 18-5","37.565145","127.010174","중구","아레나 동대문점","불법주정차구역"
"중구 다산로6길 15","37.552585","127.009230","중구","약수어린이집","불법주정차구역"
"중구 을지로4가 323","37.56566380203369","126.9967090352582","중구","을지트윈타워 주차장 삼거리","불법주정차구역"
"중구 을지로7가 4-24","37.565278","127.010485","중구","동대문역사문화공원역 2번출구","불법주정차구역"
"중구 을지로7가 8-5","37.565491","127.009735","중구","DDP교통섬","불법주정차구역"
"중구 을지로 287","37.565982","127.011028","중구","DDP동측관광버스주차장","불법주정차구역"
"중구 을지로7가 8-5","37.565692","127.009304","중구","동대문역사문화공원역 1번출구","불법주정차구역"
"중구 장충동2가 산 7-22","37.55660427654943","127.00339383856895","중구","장충리틀야구장 주변","불법주정차구역"
"중구 광희동2가 179","37.564375","127.009387","중구","플러스무역앞","불법주정차구역"
"중구 을지로7가 105","37.565668","127.008796","중구","APM레지던스앞","불법주정차구역"
"중구 신당동 228-11","37.564530","127.010502","중구","광희문 천주교 순교자헌양관 앞","불법주정차구역"
"중구 신당동 251-7","37.566589","127.011963","중구","을지로119안전센터입구","불법주정차구역"
"특별시 중구 충정로1가 75-9","37.565650","126.968167","중구","농협중앙회 앞","불법주정차구역"
"중구 신당동 406-4","37.558998410843564","127.00862138972421","중구","근화유치원","불법주정차구역"
"중구 산림동 207-1","37.56784415686663","126.99511293055141","중구","세운센트럴2단지","불법주정차구역"
"중구 신당동 산 12-75","37.562600220518505","127.0242596135885","중구","무학봉근린공원 앞","불법주정차구역"
"중구 광희동2가 65-5","37.564554","127.008748","중구","광희동사거리 버스정류소 인근(퇴계로63길)","불법주정차구역"
"중구 입정동 280","37.568319","126.993931","중구","청계천변 세운센트럴 2단지","불법주정차구역"
"중구 을지로7가 2-37","37.566248","127.010901","중구","DDP주차장입구","불법주정차구역"
"중구 정동 1-45","37.56664911482964","126.97094121952267","중구","예원학교","불법주정차구역"
"중구 퇴계로87길 13","37.565713","127.021144","중구","미담어린이집","불법주정차구역"
"중구 명동22-13","37.561295","126.983144","중구","중앙우체국 뒤 사거리","불법주정차구역"
"중구 을지로 281","37.566248","127.010901","중구","DDP디자인갤러리P5입구","불법주정차구역"
"중구 필동2가 116-1","37.557660","126.995650","중구","필동어린이집","불법주정차구역"
"중구 신당동 251-160","37.566220","127.011929","중구","동대문 한국산업단지공단","불법주정차구역"